rel,pdf,pages,ncands,booths,status,xlsx,error,secs
104Hin.pdf,data\2024\PDF\104Hin.pdf,0,0,0,SCANNED,,no extractable tables (scanned-image PDF - needs OCR),0.039923906326293945
105Hin.pdf,data\2024\PDF\105Hin.pdf,0,0,0,SCANNED,,no extractable tables (scanned-image PDF - needs OCR),0.025235891342163086
10Hin.pdf,data\2024\PDF\10Hin.pdf,0,0,0,SCANNED,,no extractable tables (scanned-image PDF - needs OCR),0.2723217010498047
118Hin.pdf,data\2024\PDF\118Hin.pdf,0,0,0,SCANNED,,no extractable tables (scanned-image PDF - needs OCR),0.011000871658325195
11Hin.pdf,data\2024\PDF\11Hin.pdf,0,0,0,SCANNED,,no extractable tables (scanned-image PDF - needs OCR),0.03647947311401367
127Hin.pdf,data\2024\PDF\127Hin.pdf,0,0,0,SCANNED,,no extractable tables (scanned-image PDF - needs OCR),0.040422677993774414
128Hin.pdf,data\2024\PDF\128Hin.pdf,0,0,0,SCANNED,,no extractable tables (scanned-image PDF - needs OCR),0.02845287322998047
129Hin.pdf,data\2024\PDF\129Hin.pdf,0,0,0,SCANNED,,no extractable tables (scanned-image PDF - needs OCR),0.03441357612609863
12Hin.pdf,data\2024\PDF\12Hin.pdf,0,0,0,SCANNED,,no extractable tables (scanned-image PDF - needs OCR),0.026337385177612305
130Hin.pdf,data\2024\PDF\130Hin.pdf,0,0,0,SCANNED,,no extractable tables (scanned-image PDF - needs OCR),0.027083635330200195
131Hin.pdf,data\2024\PDF\131Hin.pdf,0,0,0,SCANNED,,no extractable tables (scanned-image PDF - needs OCR),0.04748415946960449
132Hin.pdf,data\2024\PDF\132Hin.pdf,0,0,0,SCANNED,,no extractable tables (scanned-image PDF - needs OCR),0.0296933650970459
133Hin.pdf,data\2024\PDF\133Hin.pdf,0,0,0,SCANNED,,no extractable tables (scanned-image PDF - needs OCR),0.024903297424316406
134Hin.pdf,data\2024\PDF\134Hin.pdf,0,0,0,SCANNED,,no extractable tables (scanned-image PDF - needs OCR),0.03013920783996582
135Hin.pdf,data\2024\PDF\135Hin.pdf,0,0,0,SCANNED,,no extractable tables (scanned-image PDF - needs OCR),0.04187417030334473
136Hin.pdf,data\2024\PDF\136Hin.pdf,0,0,0,SCANNED,,no extractable tables (scanned-image PDF - needs OCR),0.0410304069519043
13Hin.pdf,data\2024\PDF\13Hin.pdf,0,0,0,SCANNED,,no extractable tables (scanned-image PDF - needs OCR),0.02407217025756836
14Hin.pdf,data\2024\PDF\14Hin.pdf,0,0,0,SCANNED,,no extractable tables (scanned-image PDF - needs OCR),0.026006221771240234
153Hin.pdf,data\2024\PDF\153Hin.pdf,0,0,0,SCANNED,,no extractable tables (scanned-image PDF - needs OCR),0.020479202270507812
154Hin.pdf,data\2024\PDF\154Hin.pdf,0,0,0,SCANNED,,no extractable tables (scanned-image PDF - needs OCR),0.028181791305541992
157Hin.pdf,data\2024\PDF\157Hin.pdf,0,0,0,SCANNED,,no extractable tables (scanned-image PDF - needs OCR),0.006236076354980469
158Hin.pdf,data\2024\PDF\158Hin.pdf,0,0,0,SCANNED,,no extractable tables (scanned-image PDF - needs OCR),0.03679323196411133
159Hin.pdf,data\2024\PDF\159Hin.pdf,0,0,0,SCANNED,,no extractable tables (scanned-image PDF - needs OCR),0.03084111213684082
15Hin.pdf,data\2024\PDF\15Hin.pdf,0,0,0,SCANNED,,no extractable tables (scanned-image PDF - needs OCR),0.026280641555786133
160Hin.pdf,data\2024\PDF\160Hin.pdf,0,0,0,SCANNED,,no extractable tables (scanned-image PDF - needs OCR),0.042952537536621094
161Hin.pdf,data\2024\PDF\161Hin.pdf,0,0,0,SCANNED,,no extractable tables (scanned-image PDF - needs OCR),0.03088212013244629
16Hin.pdf,data\2024\PDF\16Hin.pdf,0,0,0,SCANNED,,no extractable tables (scanned-image PDF - needs OCR),0.023036718368530273
193Hin.pdf,data\2024\PDF\193Hin.pdf,0,0,0,SCANNED,,no extractable tables (scanned-image PDF - needs OCR),0.024901390075683594
194Hin.pdf,data\2024\PDF\194Hin.pdf,0,0,0,SCANNED,,no extractable tables (scanned-image PDF - needs OCR),0.02485513687133789
195Hin.pdf,data\2024\PDF\195Hin.pdf,0,0,0,SCANNED,,no extractable tables (scanned-image PDF - needs OCR),0.013556241989135742
199Hin.pdf,data\2024\PDF\199Hin.pdf,21,7,473,LEGACY_SKIP,,"legacy-encoded Hindi names; skipped, not converted",8.074287176132202
19Hin.pdf,data\2024\PDF\19Hin.pdf,15,12,405,LEGACY_SKIP,,"legacy-encoded Hindi names; skipped, not converted",3.1810693740844727
200Hin.pdf,data\2024\PDF\200Hin.pdf,0,0,0,LEGACY_SKIP,,"legacy-encoded Hindi names; skipped, not converted",7.743190288543701
201Hin.pdf,data\2024\PDF\201Hin.pdf,20,7,470,LEGACY_SKIP,,"legacy-encoded Hindi names; skipped, not converted",4.20098614692688
204Hin.pdf,data\2024\PDF\204Hin.pdf,21,7,354,LEGACY_SKIP,,"legacy-encoded Hindi names; skipped, not converted",5.237789869308472
205Hin.pdf,data\2024\PDF\205Hin.pdf,0,0,0,LEGACY_SKIP,,"legacy-encoded Hindi names; skipped, not converted",5.999593019485474
206Hin.pdf,data\2024\PDF\206Hin.pdf,0,0,0,LEGACY_SKIP,,"legacy-encoded Hindi names; skipped, not converted",2.2001633644104004
207Hin.pdf,data\2024\PDF\207Hin.pdf,0,0,0,LEGACY_SKIP,,"legacy-encoded Hindi names; skipped, not converted",2.1525044441223145
208Hin.pdf,data\2024\PDF\208Hin.pdf,0,0,0,LEGACY_SKIP,,"legacy-encoded Hindi names; skipped, not converted",1.9888842105865479
25Hin.pdf,data\2024\PDF\25Hin.pdf,16,12,419,LEGACY_SKIP,,"legacy-encoded Hindi names; skipped, not converted",2.7930383682250977
26Hin.pdf,data\2024\PDF\26Hin.pdf,16,12,408,LEGACY_SKIP,,"legacy-encoded Hindi names; skipped, not converted",2.5001587867736816
27Hin.pdf,data\2024\PDF\27Hin.pdf,16,12,399,LEGACY_SKIP,,"legacy-encoded Hindi names; skipped, not converted",3.396007776260376
284Hin.pdf,data\2024\PDF\284Hin.pdf,0,0,0,SCANNED,,no extractable tables (scanned-image PDF - needs OCR),0.0699913501739502
28Hin.pdf,data\2024\PDF\28Hin.pdf,19,12,502,LEGACY_SKIP,,"legacy-encoded Hindi names; skipped, not converted",2.8064608573913574
293Hin.pdf,data\2024\PDF\293Hin.pdf,0,0,0,SCANNED,,no extractable tables (scanned-image PDF - needs OCR),0.05979156494140625
295Hin.pdf,data\2024\PDF\295Hin.pdf,0,0,0,SCANNED,,no extractable tables (scanned-image PDF - needs OCR),0.02061772346496582
296Hin.pdf,data\2024\PDF\296Hin.pdf,0,0,0,SCANNED,,no extractable tables (scanned-image PDF - needs OCR),0.05456352233886719
297Hin.pdf,data\2024\PDF\297Hin.pdf,0,0,0,SCANNED,,no extractable tables (scanned-image PDF - needs OCR),0.10802650451660156
298Hin.pdf,data\2024\PDF\298Hin.pdf,0,0,0,SCANNED,,no extractable tables (scanned-image PDF - needs OCR),0.048606157302856445
299Hin.pdf,data\2024\PDF\299Hin.pdf,0,0,0,SCANNED,,no extractable tables (scanned-image PDF - needs OCR),0.02533268928527832
300Hin.pdf,data\2024\PDF\300Hin.pdf,0,0,0,SCANNED,,no extractable tables (scanned-image PDF - needs OCR),0.04366183280944824
301Hin.pdf,data\2024\PDF\301Hin.pdf,0,0,0,SCANNED,,no extractable tables (scanned-image PDF - needs OCR),0.05306649208068848
302Hin.pdf,data\2024\PDF\302Hin.pdf,14,5,410,REVIEW,data\2024\PDF\302Hin.REVIEW.xlsx,row 1: sum(cands)=417 != valid=0; row 1: valid 0+nota 0 != total 10; row 2: sum(cands)=358 != valid=0; row 2: valid 0+nota 0 != total 1; row 3: sum(cands)=472 != valid=1,3.111658811569214
303Hin.pdf,data\2024\PDF\303Hin.pdf,25,5,501,REVIEW,data\2024\PDF\303Hin.REVIEW.xlsx,row 1: sum(cands)=558 != valid=1; row 1: valid 1+nota 0 != total 10; row 2: sum(cands)=312 != valid=0; row 2: valid 0+nota 0 != total 3; row 3: sum(cands)=686 != valid=3,3.7842624187469482
304Hin.pdf,data\2024\PDF\304Hin.pdf,19,5,411,REVIEW,data\2024\PDF\304Hin.REVIEW.xlsx,row 1: sum(cands)=715 != valid=2; row 1: valid 2+nota 0 != total 8; row 2: sum(cands)=322 != valid=0; row 2: valid 0+nota 0 != total 3; row 3: sum(cands)=602 != valid=0,3.066162109375
305Hin.pdf,data\2024\PDF\305Hin.pdf,0,0,0,SCANNED,,no extractable tables (scanned-image PDF - needs OCR),0.04642319679260254
306Hin.pdf,data\2024\PDF\306Hin.pdf,22,5,451,REVIEW,data\2024\PDF\306Hin.REVIEW.xlsx,row 1: sum(cands)=531 != valid=1; row 1: valid 1+nota 0 != total 2; row 2: sum(cands)=606 != valid=2; row 2: valid 2+nota 0 != total 1; row 3: sum(cands)=547 != valid=0,3.822593927383423
307Hin.pdf,data\2024\PDF\307Hin.pdf,0,0,0,SCANNED,,no extractable tables (scanned-image PDF - needs OCR),0.019647836685180664
308Hin.pdf,data\2024\PDF\308Hin.pdf,0,0,0,SCANNED,,no extractable tables (scanned-image PDF - needs OCR),0.027924537658691406
309Hin.pdf,data\2024\PDF\309Hin.pdf,0,0,0,SCANNED,,no extractable tables (scanned-image PDF - needs OCR),0.043633222579956055
310Hin.pdf,data\2024\PDF\310Hin.pdf,0,0,0,SCANNED,,no extractable tables (scanned-image PDF - needs OCR),0.03631329536437988
311Hin.pdf,data\2024\PDF\311Hin.pdf,0,0,0,SCANNED,,no extractable tables (scanned-image PDF - needs OCR),0.021857261657714844
312Hin.pdf,data\2024\PDF\312Hin.pdf,0,0,0,SCANNED,,no extractable tables (scanned-image PDF - needs OCR),0.06340670585632324
313Hin.pdf,data\2024\PDF\313Hin.pdf,0,0,0,SCANNED,,no extractable tables (scanned-image PDF - needs OCR),0.09045171737670898
314Hin.pdf,data\2024\PDF\314Hin.pdf,0,0,0,SCANNED,,no extractable tables (scanned-image PDF - needs OCR),0.038641929626464844
315Hin.pdf,data\2024\PDF\315Hin.pdf,30,8,370,LEGACY_SKIP,,"legacy-encoded Hindi names; skipped, not converted",3.1849586963653564
316Hin.pdf,data\2024\PDF\316Hin.pdf,23,8,390,LEGACY_SKIP,,"legacy-encoded Hindi names; skipped, not converted",3.39854097366333
317Hin.pdf,data\2024\PDF\317Hin.pdf,19,8,431,LEGACY_SKIP,,"legacy-encoded Hindi names; skipped, not converted",3.7726259231567383
318Hin.pdf,data\2024\PDF\318Hin.pdf,20,8,446,LEGACY_SKIP,,"legacy-encoded Hindi names; skipped, not converted",4.080141544342041
319Hin.pdf,data\2024\PDF\319Hin.pdf,27,8,447,LEGACY_SKIP,,"legacy-encoded Hindi names; skipped, not converted",4.574376583099365
325Hin.pdf,data\2024\PDF\325Hin.pdf,13,11,407,LEGACY_SKIP,,"legacy-encoded Hindi names; skipped, not converted",1.7175512313842773
326Hin.pdf,data\2024\PDF\326Hin.pdf,21,8,363,OK,data\2024\PDF\326Hin.xlsx,,2.593996524810791
33Hin.pdf,data\2024\PDF\33Hin.pdf,10,12,380,LEGACY_SKIP,,"legacy-encoded Hindi names; skipped, not converted",2.3748695850372314
340Hin.pdf,data\2024\PDF\340Hin.pdf,27,9,374,LEGACY_SKIP,,"legacy-encoded Hindi names; skipped, not converted",3.137650728225708
343Hin.pdf,data\2024\PDF\343Hin.pdf,0,0,0,COMPLEX_SKIP,,unmapped (cid:) glyphs / complex layout; manual handling,3.6747913360595703
346Hin.pdf,data\2024\PDF\346Hin.pdf,9,10,359,LEGACY_SKIP,,"legacy-encoded Hindi names; skipped, not converted",2.6002206802368164
347Hin.pdf,data\2024\PDF\347Hin.pdf,0,0,0,LEGACY_SKIP,,"legacy-encoded Hindi names; skipped, not converted",8.041944742202759
348Hin.pdf,data\2024\PDF\348Hin.pdf,0,0,0,COMPLEX_SKIP,,unmapped (cid:) glyphs / complex layout; manual handling,4.249319314956665
349Hin.pdf,data\2024\PDF\349Hin.pdf,0,0,0,LEGACY_SKIP,,"legacy-encoded Hindi names; skipped, not converted",6.256655931472778
350Hin.pdf,data\2024\PDF\350Hin.pdf,0,0,0,COMPLEX_SKIP,,unmapped (cid:) glyphs / complex layout; manual handling,4.754639387130737
352Hin.pdf,data\2024\PDF\352Hin.pdf,0,0,0,COMPLEX_SKIP,,unmapped (cid:) glyphs / complex layout; manual handling,3.951580286026001
357Hin.pdf,data\2024\PDF\357Hin.pdf,0,0,0,SCANNED,,no extractable tables (scanned-image PDF - needs OCR),0.06304526329040527
359Hin.pdf,data\2024\PDF\359Hin.pdf,0,0,0,SCANNED,,no extractable tables (scanned-image PDF - needs OCR),0.03822135925292969
360Hin.pdf,data\2024\PDF\360Hin.pdf,0,0,0,SCANNED,,no extractable tables (scanned-image PDF - needs OCR),0.045096397399902344
361Hin.pdf,data\2024\PDF\361Hin.pdf,0,0,0,SCANNED,,no extractable tables (scanned-image PDF - needs OCR),0.04244494438171387
362Hin.pdf,data\2024\PDF\362Hin.pdf,0,0,0,SCANNED,,no extractable tables (scanned-image PDF - needs OCR),0.03822493553161621
363Hin.pdf,data\2024\PDF\363Hin.pdf,0,0,0,SCANNED,,no extractable tables (scanned-image PDF - needs OCR),0.04975771903991699
373Hin.pdf,data\2024\PDF\373Hin.pdf,0,0,0,SCANNED,,no extractable tables (scanned-image PDF - needs OCR),0.06252336502075195
374Hin.pdf,data\2024\PDF\374Hin.pdf,0,0,0,SCANNED,,no extractable tables (scanned-image PDF - needs OCR),0.048719167709350586
375Hin.pdf,data\2024\PDF\375Hin.pdf,0,0,0,SCANNED,,no extractable tables (scanned-image PDF - needs OCR),0.03907513618469238
376Hin.pdf,data\2024\PDF\376Hin.pdf,0,0,0,SCANNED,,no extractable tables (scanned-image PDF - needs OCR),0.05242466926574707
377Hin.pdf,data\2024\PDF\377Hin.pdf,0,0,0,SCANNED,,no extractable tables (scanned-image PDF - needs OCR),0.04655170440673828
378Hin.pdf,data\2024\PDF\378Hin.pdf,0,0,0,SCANNED,,no extractable tables (scanned-image PDF - needs OCR),0.05776524543762207
379Hin.pdf,data\2024\PDF\379Hin.pdf,0,0,0,SCANNED,,no extractable tables (scanned-image PDF - needs OCR),0.04307103157043457
392Hin.pdf,data\2024\PDF\392Hin.pdf,19,10,458,LEGACY_SKIP,,"legacy-encoded Hindi names; skipped, not converted",2.8461954593658447
393Hin.pdf,data\2024\PDF\393Hin.pdf,16,10,401,LEGACY_SKIP,,"legacy-encoded Hindi names; skipped, not converted",2.5023553371429443
394Hin.pdf,data\2024\PDF\394Hin.pdf,18,10,397,LEGACY_SKIP,,"legacy-encoded Hindi names; skipped, not converted",2.4065582752227783
39HIn.pdf,data\2024\PDF\39HIn.pdf,28,12,391,LEGACY_SKIP,,"legacy-encoded Hindi names; skipped, not converted",2.538294792175293
40Hin.pdf,data\2024\PDF\40Hin.pdf,28,12,377,LEGACY_SKIP,,"legacy-encoded Hindi names; skipped, not converted",2.2393970489501953
41Hin.pdf,data\2024\PDF\41Hin.pdf,25,12,330,LEGACY_SKIP,,"legacy-encoded Hindi names; skipped, not converted",2.0945894718170166
42Hin.pdf,data\2024\PDF\42Hin.pdf,29,12,390,LEGACY_SKIP,,"legacy-encoded Hindi names; skipped, not converted",2.4471967220306396
44Hin.pdf,data\2024\PDF\44Hin.pdf,15,12,373,LEGACY_SKIP,,"legacy-encoded Hindi names; skipped, not converted",1.9039270877838135
45Hin.pdf,data\2024\PDF\45Hin.pdf,25,13,371,LEGACY_SKIP,,"legacy-encoded Hindi names; skipped, not converted",3.469576120376587
50Hin.pdf,data\2024\PDF\50Hin.pdf,0,0,0,SCANNED,,no extractable tables (scanned-image PDF - needs OCR),0.08153033256530762
51Hin.pdf,data\2024\PDF\51Hin.pdf,0,0,0,SCANNED,,no extractable tables (scanned-image PDF - needs OCR),0.022496700286865234
53Hin.pdf,data\2024\PDF\53Hin.pdf,12,17,530,LEGACY_SKIP,,"legacy-encoded Hindi names; skipped, not converted",6.3671653270721436
57Hin.pdf,data\2024\PDF\57Hin.pdf,0,0,0,SCANNED,,no extractable tables (scanned-image PDF - needs OCR),0.027088642120361328
59Hin.pdf,data\2024\PDF\59Hin.pdf,0,0,0,SCANNED,,no extractable tables (scanned-image PDF - needs OCR),0.0513615608215332
60Hin.pdf,data\2024\PDF\60Hin.pdf,20,12,392,LEGACY_SKIP,,"legacy-encoded Hindi names; skipped, not converted",2.44439435005188
64Hin.pdf,data\2024\PDF\64Hin.pdf,18,15,433,REVIEW,data\2024\PDF\64Hin.REVIEW.xlsx,row 1: sum(cands)=598 != valid=0; row 1: valid 0+nota 0 != total 598; row 2: sum(cands)=472 != valid=3; row 2: valid 3+nota 0 != total 475; row 3: sum(cands)=219 != valid=2,5.858607053756714
69Hin.pdf,data\2024\PDF\69Hin.pdf,0,0,0,COMPLEX_SKIP,,unmapped (cid:) glyphs / complex layout; manual handling,0.8768787384033203
70Hin.pdf,data\2024\PDF\70Hin.pdf,14,15,432,REVIEW,data\2024\PDF\70Hin.REVIEW.xlsx,row 1: sum(cands)=567 != valid=0; row 1: valid 0+nota 0 != total 567; row 2: sum(cands)=619 != valid=1; row 2: valid 1+nota 0 != total 620; row 3: sum(cands)=457 != valid=2,5.36421537399292
8Hin.pdf,data\2024\PDF\8Hin.pdf,0,0,0,SCANNED,,no extractable tables (scanned-image PDF - needs OCR),0.30824756622314453
96Hin.pdf,data\2024\PDF\96Hin.pdf,18,7,445,LEGACY_SKIP,,"legacy-encoded Hindi names; skipped, not converted",5.494385719299316
98Hin.pdf,data\2024\PDF\98Hin.pdf,14,7,391,LEGACY_SKIP,,"legacy-encoded Hindi names; skipped, not converted",3.8845407962799072
99Hin.pdf,data\2024\PDF\99Hin.pdf,0,0,0,LEGACY_SKIP,,"legacy-encoded Hindi names; skipped, not converted",6.4407737255096436
9Hin.pdf,data\2024\PDF\9Hin.pdf,0,0,0,SCANNED,,no extractable tables (scanned-image PDF - needs OCR),0.3881707191467285
