election,ac,ac_name,file,booths,valid_ok,has_total,note
LS2024,91,Fatehpur Sikri Assembly Election,2024091321.xlsx,398,True,False,
LS2024,86,Etmadpur Assembly Election,2024091331.xlsx,474,True,True,
LS2024,93,Fatehabad Assembly Election,2024091334.xlsx,368,True,True,
LS2024,87,Agra Cantt. (SC) Assembly Election,2024091341.xlsx,468,True,True,
LS2024,90,Agra Rural (SC) Assembly Election,2024091355.xlsx,448,True,True,
LS2024,89,Agra North Assembly Election,2024091363.xlsx,428,True,True,
LS2024,92,Kheragarh Assembly Election,2024091370.xlsx,360,True,True,
LS2024,94,Bah Assembly Election,2024091376.xlsx,361,True,True,
LS2024,88,Agra South Assembly Election,2024091385.xlsx,390,True,True,
VS2017,86,,86.xls#86,416,True,False,
VS2017,87,,87.xls#87,425,True,False,
VS2017,88,,88.xls#88,377,True,False,legacy-names
VS2017,89,,89.xls#89,394,True,False,legacy-names
VS2017,90,,90.xls#90,391,True,False,
VS2017,91,,91.xls#91,368,True,False,
VS2017,92,,92.xls#92,322,True,False,
VS2017,93,,93.xls#93,347,True,False,
VS2017,94,,94.xls#94,371,True,False,
LS2019,86,,86.xls#FORMAT,472,True,False,
LS2019,87,,87.xls#FORMAT,480,True,False,
LS2019,88,,88.xls#FORMAT,421,True,False,legacy-names
LS2019,89,,89.xls#FORMAT,438,True,False,legacy-names
LS2019,90,,90.xls#FORMAT (2),461,True,False,
LS2019,91,,91.xls#FOR CHECK,404,True,False,
LS2019,92,,92.xls#FOR CHECK,368,True,False,
LS2019,93,,93.xls#FORMAT,360,True,False,
LS2019,94,,94.xls#FOR CHECK,371,True,False,
VS2022,86,,AC86.xls#86,507,True,False,legacy-names
VS2022,87,,AC86.xls#87,484,True,False,legacy-names
VS2022,88,,AC86.xls#88,422,True,False,legacy-names
VS2022,89,,AC86.xls#89,442,True,False,legacy-names; rowmath_bad=4
VS2022,90,,AC86.xls#90,468,True,False,legacy-names
VS2022,91,,AC86.xls#91,428,True,False,legacy-names
VS2022,92,,AC86.xls#92,377,True,False,
VS2022,93,,AC86.xls#93,384,True,False,
VS2022,94,,AC86.xls#94,384,True,False,
