file,position,name_native,name_en,party
1Eng.pdf,1,IMRAN MASOOD,IMRAN MASOOD,
1Eng.pdf,2,MAJID ALI,MAJID ALI,
1Eng.pdf,3,RAGHAV LAKHANPAL,RAGHAV LAKHANPAL,
1Eng.pdf,4,MOHD INAM,MOHD INAM,
1Eng.pdf,5,KAMRAN,KAMRAN,
1Eng.pdf,6,TASMEEM BANO,TASMEEM BANO,
1Eng.pdf,7,RAJKUMAR,RAJKUMAR,
1Eng.pdf,8,RASHID KHAN,RASHID KHAN,
1Eng.pdf,9,SHABNAM,SHABNAM,
1Eng.pdf,10,SHAHBAJ,SHAHBAJ,
3Eng.pdf,1,IMRAN MASOOD,IMRAN MASOOD,
3Eng.pdf,2,MAJID ALI,MAJID ALI,
3Eng.pdf,3,RAGHAV LAKHANPAL,RAGHAV LAKHANPAL,
3Eng.pdf,4,MOHD INAM,MOHD INAM,
3Eng.pdf,5,KAMRAN,KAMRAN,
3Eng.pdf,6,TASMEEM BANO,TASMEEM BANO,
3Eng.pdf,7,RAJKUMAR,RAJKUMAR,
3Eng.pdf,8,RASHID KHAN,RASHID KHAN,
3Eng.pdf,9,SHABNAM,SHABNAM,
3Eng.pdf,10,SHAHBAJ,SHAHBAJ,
8Hin.pdf,1,इकरा चौधरी,IQRA CHOUDHARY,
8Hin.pdf,2,प्रदीप कुमार,PRADEEP KUMAR,
8Hin.pdf,3,श्रीपाल,SRIPAL,
8Hin.pdf,4,ओमवीर,OMBEER,
8Hin.pdf,5,जाहिद,JAHID,
8Hin.pdf,6,नन्द किशोर,NAND KISHOOR,
8Hin.pdf,7,प्रीती कश्यप,PRITI KASHYAP,
8Hin.pdf,8,विक्रम सैनी,VIKRAM SAINI,
8Hin.pdf,9,मौ० कादिर,MOHD KADIR,
8Hin.pdf,10,मनोज राणा,MANOJ RANA,
8Hin.pdf,11,योगेश,YOGESH,
8Hin.pdf,12,विकास कुमार,VIKAS KUMAR,
8Hin.pdf,13,विक्रम सिंह,VIKRAM SINGH,
8Hin.pdf,14,शोकेन्द्र कुमार,SHOKINDER KUMAR,
