rel,pages,rotation,language,readable,layout,action,notes
Ayodhya\2024091733.pdf,0,90,english,yes,unknown,convert,
Ayodhya\2024091742.pdf,0,90,english,yes,unknown,convert,
Ayodhya\2024091754.pdf,0,90,english,yes,unknown,convert,
Ayodhya\2024091790.pdf,0,90,english,yes,unknown,convert,
Ayodhya\2024091794.pdf,0,90,english,yes,unknown,convert,
Baghpat\2024091313-1.pdf,0,0,hindi,yes,unknown,hindi,
Baghpat\2024091366 (1).pdf,0,90,hindi,yes,unknown,hindi,
Baghpat\2024091388-1.pdf,0,90,hindi,yes,unknown,hindi,
Baghpat\2024091388.pdf,0,90,hindi,yes,unknown,hindi,
Baghpat\2024091391.pdf,0,90,english,yes,unknown,convert,
Bahraich\2024091322.pdf,0,90,english,yes,unknown,convert,
Bahraich\2024091323.pdf,0,0,hindi,yes,unknown,hindi,
Bahraich\2024091351.pdf,0,270,english,yes,unknown,convert,
Bahraich\2024091372.pdf,0,90,english,partial,unknown,convert,
Bahraich\2024091375.pdf,0,0,english,yes,unknown,convert,
Bahraich\2024091388-1.pdf,0,90,english,yes,unknown,convert,
Bahraich\2024091388.pdf,0,90,english,yes,unknown,convert,
Ballia\2024091311.pdf,0,0,hindi,yes,unknown,hindi,
Ballia\2024091314.pdf,0,0,hindi,yes,unknown,hindi,
Ballia\2024091341.pdf,0,0,hindi,partial,unknown,hindi,
Ballia\2024091351.pdf,0,0,hindi,partial,unknown,hindi,
Ballia\2024091368.pdf,0,0,hindi,partial,unknown,hindi,
Ballia\2024091371.pdf,0,0,hindi,partial,unknown,hindi,
Ballia\2024091373.pdf,0,0,hindi,partial,unknown,hindi,
Bareilly\2024091390.pdf,0,0,hindi,partial,unknown,hindi,
Basti\2024091315.pdf,0,90,hindi,partial,unknown,hindi,
Basti\2024091318.pdf,0,90,hindi,partial,unknown,hindi,
Basti\2024091346.pdf,0,90,hindi,partial,unknown,hindi,
Basti\2024091348.pdf,0,90,hindi,partial,unknown,hindi,
Basti\2024091360.pdf,0,90,hindi,partial,unknown,hindi,
Bulandsahar\2024091372.pdf,0,90,english,yes,unknown,convert,
Etah\2025030147.pdf,0,90,hindi,yes,unknown,hindi,
Etah\2025030168.pdf,0,90,hindi,yes,unknown,hindi,
Etah\2025030173.pdf,0,90,hindi,partial,unknown,hindi,
Etah\2025030187.pdf,0,90,hindi,partial,unknown,hindi,
Farrukhabad\2024091721.pdf,0,90,hindi,partial,unknown,hindi,
Farrukhabad\2024091756.pdf,0,90,hindi,yes,unknown,hindi,
Farrukhabad\2024091778.pdf,0,90,hindi,partial,unknown,hindi,
Farrukhabad\2024091780.pdf,0,90,hindi,yes,unknown,hindi,
Farrukhabad\2024091790.pdf,0,90,hindi,yes,unknown,hindi,
Ghazipur\2024091315.pdf,0,0,hindi,yes,unknown,hindi,
Ghazipur\2024091330.pdf,0,0,hindi,yes,unknown,hindi,
Ghazipur\2024091341.pdf,0,0,hindi,yes,unknown,hindi,
Ghazipur\2024091355.pdf,0,0,hindi,yes,unknown,hindi,
Ghazipur\2024091382.pdf,0,0,hindi,yes,unknown,hindi,
Ghazipur\2024091389.pdf,0,0,hindi,yes,unknown,hindi,
Ghazipur\2024091399.pdf,0,0,hindi,yes,unknown,hindi,
Gonda\2024091716.pdf,0,0,hindi,yes,unknown,hindi,
Gonda\2024091724.pdf,0,0,hindi,yes,unknown,hindi,
Gonda\2024091726.pdf,0,0,hindi,yes,unknown,hindi,
Gonda\2024091736.pdf,0,0,hindi,yes,unknown,hindi,
Gonda\2024091738.pdf,0,0,hindi,yes,unknown,hindi,
Gonda\2024091739.pdf,0,0,hindi,yes,unknown,hindi,
Gonda\2024091789-1.pdf,0,0,hindi,yes,unknown,hindi,
Gonda\2024091789.pdf,0,0,hindi,yes,unknown,hindi,
Gonda\2024091791-1.pdf,0,0,hindi,yes,unknown,hindi,
Gonda\2024091791.pdf,0,0,hindi,yes,unknown,hindi,
Hamirpur\2024091332-1.pdf,0,0,english,yes,unknown,convert,
Hamirpur\2024091332.pdf,0,0,english,yes,unknown,convert,
Hapur\2024091716.pdf,0,90,hindi,yes,unknown,hindi,
Hapur\2024091724.pdf,0,270,english,yes,unknown,hindi,
Hapur\2024091785.pdf,0,270,hindi,yes,unknown,hindi,
Hardoi\20240913100.pdf,0,90,hindi,partial,unknown,hindi,
Hardoi\2024091322.pdf,0,90,hindi,yes,unknown,hindi,
Hardoi\2024091324.pdf,0,90,hindi,yes,unknown,hindi,
Hardoi\2024091326.pdf,0,90,hindi,yes,unknown,hindi,
Hardoi\2024091328.pdf,0,270,hindi,yes,unknown,hindi,
Hardoi\2024091331.pdf,0,90,hindi,yes,unknown,hindi,
Hardoi\2024091333.pdf,0,90,hindi,partial,unknown,hindi,
Hardoi\2024091342.pdf,0,90,hindi,partial,unknown,hindi,
Hardoi\2024091356.pdf,0,90,hindi,partial,unknown,hindi,
Hardoi\2024091370.pdf,0,90,hindi,yes,unknown,hindi,
Mainpuri\2024091311.pdf,0,270,hindi,yes,unknown,hindi,
Mainpuri\2024091327.pdf,0,0,hindi,partial,unknown,hindi,
Mainpuri\2024091344.pdf,0,270,hindi,partial,unknown,hindi,
Mainpuri\2024091347.pdf,0,270,hindi,partial,unknown,hindi,
Mainpuri\2024091391.pdf,0,270,hindi,yes,unknown,hindi,
Mathura\2024091311 (1).pdf,0,270,hindi,partial,unknown,hindi,
Mathura\2024091327.pdf,0,0,hindi,partial,unknown,hindi,
Mathura\2024091344.pdf,0,270,hindi,yes,unknown,hindi,
Mathura\2024091347.pdf,0,270,hindi,partial,unknown,hindi,
Mathura\2024091391.pdf,0,270,hindi,partial,unknown,hindi,
Meerut\2024091310.pdf,0,0,english,yes,unknown,convert,
Meerut\2024091360.pdf,0,0,english,yes,unknown,convert,
Meerut\2024091398.pdf,0,0,english,yes,unknown,convert,
Meerut\2025022844.pdf,0,0,english,yes,unknown,convert,
Mirzapur\2024091327.pdf,0,90,english,yes,unknown,convert,
Mirzapur\2024091366.pdf,0,90,english,yes,unknown,convert,
Mirzapur\2024091382.pdf,0,90,english,yes,unknown,convert,
Mirzapur\2024091390.pdf,0,90,english,yes,unknown,convert,
Mirzapur\2024091397.pdf,0,90,english,yes,unknown,convert,
Muzaffarnagar\2024091723.pdf,0,90,hindi,yes,unknown,hindi,
Muzaffarnagar\2024091730.pdf,0,90,hindi,yes,unknown,hindi,
Muzaffarnagar\2024091762.pdf,0,90,hindi,yes,unknown,hindi,
Muzaffarnagar\2024091782.pdf,0,90,hindi,yes,unknown,hindi,
Muzaffarnagar\2024091785.pdf,0,90,hindi,yes,unknown,hindi,
Muzaffarnagar\2024091789.pdf,0,90,hindi,yes,unknown,hindi,
Pilibhit\2024091710.pdf,0,0,hindi,partial,unknown,hindi,
Pilibhit\20240917100.pdf,0,0,hindi,partial,unknown,hindi,
Pilibhit\2024091719.pdf,0,0,hindi,partial,unknown,hindi,
Pilibhit\2024091780.pdf,0,0,hindi,partial,unknown,hindi,
Rae Bareli\2024091320.pdf,0,0,english,yes,unknown,convert,
Rae Bareli\2024091330.pdf,0,0,english,yes,unknown,convert,
Rae Bareli\2024091354.pdf,0,0,english,yes,unknown,convert,
Rae Bareli\2024091374.pdf,0,0,english,yes,unknown,convert,
Rae Bareli\2024091384.pdf,0,0,english,yes,unknown,convert,
Saharanpur\2024091716.pdf,0,270,english,yes,unknown,convert,need rotation 270
Saharanpur\2024091737.pdf,0,90,english,yes,unknown,convert,
Saharanpur\2024091758.pdf,0,90,english,yes,unknown,convert,
Saharanpur\2024091769.pdf,0,270,english,yes,unknown,convert,
Saharanpur\2024091788.pdf,0,90,english,yes,unknown,convert,
Saharanpur\2024091792.pdf,0,90,english,yes,unknown,convert,
Sant Kabir Nagar\2024091732.pdf,0,90,hindi,yes,unknown,hindi,
Sant Kabir Nagar\2024091738-1.pdf,0,90,hindi,partial,unknown,hindi,
Sant Kabir Nagar\2024091738.pdf,0,0,english,partial,unknown,hindi,
Sant Kabir Nagar\2024091766-1.pdf,0,90,english,yes,unknown,convert,need rotation 90
Sant Kabir Nagar\2024091766.pdf,0,90,hindi,yes,unknown,hindi,
Shahjahanpur\20240913100.pdf,0,0,hindi,yes,unknown,hindi,
Shahjahanpur\2024091314.pdf,0,0,hindi,yes,unknown,hindi,
Shahjahanpur\2024091340.pdf,0,0,hindi,yes,unknown,hindi,
Shahjahanpur\2024091341.pdf,0,0,hindi,yes,unknown,hindi,
Shahjahanpur\2024091342.pdf,0,0,hindi,yes,unknown,hindi,
Shahjahanpur\2024091347.pdf,0,0,hindi,yes,unknown,hindi,
Shamli\2024091311.pdf,0,0,hindi,partial,unknown,hindi,
Shamli\2024091330.pdf,0,0,hindi,partial,unknown,hindi,
Siddharthnagar\2024091338.pdf,0,0,hindi,yes,unknown,hindi,
Sultanpur\2024091547.pdf,0,90,english,yes,unknown,convert,
Sultanpur\2024091552.pdf,0,90,english,yes,unknown,convert,
Sultanpur\2024091582.pdf,0,90,english,yes,unknown,convert,
Sultanpur\2024091583.pdf,0,90,english,yes,unknown,convert,
Sultanpur\2024091585.pdf,0,90,english,yes,unknown,convert,need rotation 90
Unnao\2024091348.pdf,0,0,english,yes,unknown,convert,
Unnao\2024091363.pdf,0,0,english,yes,unknown,convert,
Unnao\2024091367.pdf,0,0,english,yes,unknown,convert,
Unnao\2024091373.pdf,0,0,english,yes,unknown,convert,
Unnao\2024091381.pdf,0,0,english,yes,unknown,convert,
Unnao\2024091396.pdf,0,0,english,partial,unknown,convert,
