rel,rotation,pages,out
103Hin (2).pdf,90,24,103Hin (2).pdf
103Hin.pdf,90,25,103Hin.pdf
104Hin.pdf,90,25,104Hin.pdf
105Hin.pdf,90,21,105Hin.pdf
106Hin.pdf,90,19,106Hin.pdf
109Eng.pdf,90,18,109Eng.pdf
118Hin.pdf,90,11,118Hin.pdf
11Hin.pdf,90,14,11Hin.pdf
12Hin.pdf,90,13,12Hin.pdf
13Hin.pdf,90,12,13Hin.pdf
14Hin.pdf,90,14,14Hin.pdf
153Hin.pdf,270,14,153Hin.pdf
154Hin.pdf,90,14,154Hin.pdf
157Hin.pdf,90,10,157Hin.pdf
158Hin.pdf,90,13,158Hin.pdf
159Hin.pdf,90,16,159Hin.pdf
15Hin.pdf,90,13,15Hin.pdf
160Hin.pdf,90,24,160Hin.pdf
161Hin.pdf,90,18,161Hin.pdf
16Hin.pdf,90,13,16Hin.pdf
187Eng.pdf,90,17,187Eng.pdf
188Eng.pdf,90,18,188Eng.pdf
189Eng.pdf,90,16,189Eng.pdf
192Eng.pdf,90,18,192Eng.pdf
192Hin.pdf,90,14,192Hin.pdf
193Hin.pdf,90,12,193Hin.pdf
194Hin.pdf,90,13,194Hin.pdf
195Hin.pdf,90,11,195Hin.pdf
1Eng.pdf,90,16,1Eng.pdf
209RHin.pdf,90,13,209RHin.pdf
270Eng.pdf,90,16,270Eng.pdf
271Eng.pdf,90,14,271Eng.pdf
273Eng.pdf,90,15,273Eng.pdf
274Eng.pdf,90,15,274Eng.pdf
275Eng.pdf,90,14,275Eng.pdf
279Eng.pdf,90,19,279Eng.pdf
282Eng.pdf,90,16,282Eng.pdf
283Eng.pdf,90,16,283Eng.pdf
285Eng.pdf,90,14,285Eng.pdf
286Eng.pdf,90,16,286Eng.pdf
287Eng.pdf,90,17,287Eng.pdf
2REng.pdf,270,8,2REng.pdf
307Hin.pdf,90,11,307Hin.pdf
308Hin.pdf,90,12,308Hin.pdf
309Hin.pdf,90,17,309Hin.pdf
310Hin.pdf,90,18,310Hin.pdf
311Hin.pdf,90,13,311Hin.pdf
312Hin.pdf,90,37,312Hin.pdf
314Hin.pdf,90,33,314Hin.pdf
31RHin.pdf,90,26,31RHin.pdf
395Eng.pdf,90,34,395Eng.pdf
396Eng.pdf,90,20,396Eng.pdf
397Eng.pdf,90,33,397Eng.pdf
398Eng.pdf,90,32,398Eng.pdf
399Eng.pdf,90,32,399Eng.pdf
3Eng.pdf,90,18,3Eng.pdf
43RHin.pdf,90,24,43RHin.pdf
4Eng.pdf,270,17,4Eng.pdf
50Hin.pdf,90,16,50Hin.pdf
51Hin.pdf,90,11,51Hin.pdf
52Eng.pdf,90,16,52Eng.pdf
56Hin.pdf,90,10,56Hin.pdf
58RHin.pdf,270,24,58RHin.pdf
5Eng.pdf,90,16,5Eng.pdf
62Hin.pdf,90,13,62Hin.pdf
65Eng.pdf,90,24,65Eng.pdf
66Eng.pdf,90,13,66Eng.pdf
67Eng.pdf,90,13,67Eng.pdf
68Eng.pdf,90,11,68Eng.pdf
69RHin.pdf,90,14,69RHin.pdf
6Eng.pdf,90,14,6Eng.pdf
81Hin (2).pdf,270,16,81Hin (2).pdf
81Hin.pdf,270,16,81Hin.pdf
83Hin (2).pdf,270,29,83Hin (2).pdf
83Hin (3).pdf,270,29,83Hin (3).pdf
83Hin.pdf,270,29,83Hin.pdf
84Hin (2).pdf,270,43,84Hin (2).pdf
84Hin (3).pdf,270,43,84Hin (3).pdf
84Hin.pdf,270,43,84Hin.pdf
85Hin (2).pdf,270,26,85Hin (2).pdf
85Hin.pdf,270,26,85Hin.pdf
